manufacturer,fat_percentage,volume_in_milliliters,calories_in_100_grams
1566,1927,1094,1909
754,1892,1545,308
1889,80,1494,1442
608,1648,738,43
802,1978,1140,333
92,1259,1158,210
1783,471,1359,687
510,1817,782,547
48,876,916,939
887,1291,1743,1819
812,355,325,67
343,1799,1496,1484
1713,1922,1582,653
117,1306,354,1765
1651,1912,1651,1215
1399,629,820,1334
1808,581,1697,1066
1374,739,1129,1807
1844,478,1779,1454
1020,1392,224,789
1508,262,1564,1430
767,207,1199,1183
557,242,462,407
551,1337,1853,428
1781,1379,77,997
669,866,1124,591
387,1172,1966,1491
1632,186,1708,506
150,1842,410,1592
64,1755,396,1670
467,1717,1169,856
186,582,1735,45
1953,1994,1638,1167
1378,183,611,1817
721,1595,797,1299
1474,629,853,370
149,280,1550,113
1360,1252,993,102
71,572,1413,410
468,281,406,1108
433,1879,318,1362
502,365,876,1604
828,507,280,1939
1682,66,1221,1130
1052,1549,1043,1655
435,656,59,112
1821,706,1708,1964
894,561,243,1094
461,161,336,1483
1191,1067,1587,1292
375,1031,386,649
399,290,299,1947
1017,1249,1806,401
854,266,817,1284
1356,1062,158,463
1723,1664,492,631
753,1048,504,888
1166,1159,355,1097
1398,210,1411,704
1522,461,12,1001
106,779,11,786
760,1936,1790,392
1917,1257,195,306
101,1026,1702,706
1745,1617,1987,1627
505,268,862,1801
366,568,661,1370
193,1718,946,928
1087,1369,1274,704
557,1260,556,975
1986,1742,431,569
913,75,1485,1875
681,159,506,1376
891,190,1506,897
39,1902,902,512
1587,1234,607,1242
259,307,1020,543
840,383,408,1930
1825,1273,594,933
459,629,793,347
1098,857,1615,1576
530,543,489,915
1246,650,965,1475
558,365,276,634
1988,1280,637,1526
1766,380,1302,807
448,1385,241,33
917,303,1575,1100
1675,1235,244,440
188,1746,746,1435
1890,1514,763,1258
552,1646,1351,1005
1075,1307,1290,759
346,968,953,528
1929,1108,1506,1260
1673,424,1966,1549
1464,817,570,1092
1689,1905,454,1667
1272,674,1303,435
1488,1373,904,1730
1865,219,669,1656
712,488,1466,759
1791,1198,1116,528
1662,271,8,835
1123,1920,761,1555
1567,1756,915,1413
1250,1291,1143,1009
120,693,438,977
230,568,732,1497
1854,1913,1509,790
1748,377,998,824
584,316,365,358
1191,1860,1768,169
1963,1777,1535,788
1521,1386,1260,1453
1940,280,1629,859
17,1357,732,1859
452,295,535,1034
1052,791,958,17
1751,848,746,1131
1828,1783,46,1146
319,121,1675,1435
570,983,1205,1290
1727,628,270,135
48,491,955,200
1695,905,809,654
1744,216,1327,806
61,902,79,1438
742,222,1796,1940
1981,1379,1449,769
758,945,1164,119
20,1342,765,914
1933,537,49,1803
1059,726,327,574
544,1367,1040,813
1742,1350,1112,1248
486,345,801,696
1451,719,529,472
834,949,1193,1397
1459,443,1721,915
382,118,1523,623
1391,225,1343,10
1259,176,1075,1112
629,129,393,1930
305,81,515,1861
496,189,803,432
1745,1384,749,746
501,1597,296,146
790,911,881,1168
1582,1911,628,1325
1989,121,716,1942
655,195,172,1428
1515,378,956,794
1861,1154,953,1271
836,842,1610,1368
1450,632,897,622
850,789,1748,1660
592,1621,158,1485
1180,1975,440,1421
1701,1819,1820,247
1968,144,1438,622
622,201,1363,223
303,114,184,1573
765,371,833,1693
887,196,237,750
786,1903,1959,429
1188,1573,1279,609
889,1519,517,1520
699,1339,1738,1764
316,1815,1370,90
1671,277,843,1498
402,1645,1965,152
714,1737,288,1292
1446,547,1977,388
939,1263,1414,686
770,1157,1542,274
422,1496,238,308
912,895,430,1714
1428,1353,955,1439
1750,811,897,96
229,400,1325,971
171,384,920,1205
1653,683,1483,455
1159,1641,1713,1094
254,271,734,1356
1681,1726,1117,1336
11,411,1122,1216
551,1834,803,1694
177,1144,142,162
1520,867,1886,1099
630,1587,1491,619
565,580,606,484
1381,1614,965,568
1051,811,1340,731
1028,618,663,814
1806,236,269,1484
1811,1928,1032,1937
785,381,1426,986
1723,375,283,772
575,783,29,74
1357,379,1661,1518
1515,1836,1666,1277
1598,1409,1199,939
1749,1437,1215,1697
81,1896,1317,1969
787,342,69,978
181,893,732,289
616,301,1563,1321
835,1017,1162,1044
1887,1721,1593,1625
1981,1629,1590,1173
1067,829,3,1606
948,1220,766,1720
1945,1757,174,958
1635,1475,495,1258
473,1244,211,1772
72,1036,1450,1358
295,1248,1875,958
1341,1500,1799,1308
37,346,591,898
1165,939,1471,1674
1978,1811,1151,1362
1494,1636,716,1735
1082,597,1209,1830
1337,1512,1933,791
477,1445,634,675
983,537,913,1955
1681,524,570,1174
1924,1286,1455,1548
413,268,755,1063
543,1694,347,769
1680,654,1437,1246
33,187,1172,1411
1076,210,1996,1728
910,1740,1652,219
477,1400,1255,783
1028,1653,1118,1951
1808,678,726,892
980,221,691,219
1589,337,280,1664
1480,993,1886,1328
230,1152,314,751
1685,1488,421,58
75,1587,1896,1548
1422,1443,1161,279
1559,1260,305,893
14,1971,406,1731
1390,116,1764,713
1866,767,918,1133
80,742,1327,1035
1581,1150,1433,1334
185,330,1532,1315
1248,324,1394,751
1825,1963,1862,633
274,225,1378,1414
698,651,1959,1191
867,10,948,1950
445,1819,1413,1650
1966,305,1585,66
142,232,1471,965
627,1711,1293,545
439,1979,1318,685
475,1813,1643,1016
1923,418,463,636
1535,1548,812,62
904,1899,1794,953
710,1329,1078,52
135,1366,560,654
778,268,950,231
22,1115,244,1608
506,748,1187,1841
1029,731,511,685
132,201,1661,511
1529,1282,606,487
632,1085,1718,484
646,1084,513,401
1390,1854,510,773
771,414,915,397
780,2000,533,1024
6,282,726,120
1876,454,1361,303
602,1887,407,1979
1978,1583,1328,526
956,1839,297,1518
1790,911,1020,1313
1457,1269,1352,1359
573,1654,1573,1361
50,1617,1611,1814
375,1065,1562,583
498,1015,64,307
757,1756,65,931
1440,704,958,1281
879,683,258,1582
335,545,1371,1816
1350,1447,1166,1624
1801,232,1979,965
1911,195,1523,281
460,457,1156,1556
53,1503,171,1161
1963,781,21,239
1431,1332,1489,1687
973,1388,1334,496
829,148,1741,623
192,1311,4,904
51,859,595,586
103,1039,1682,323
709,384,1853,1563
936,1190,756,1555
1499,864,14,1033
1772,394,637,1315
933,1635,662,1102
180,1788,298,351
311,1660,136,208
602,191,999,612
1971,256,1288,619
1641,1444,1776,956
1883,1008,400,854
1248,1882,1360,1379
648,855,438,1533
310,435,1897,408
1744,1019,1618,1294
1122,1881,1194,1577
334,940,355,61
1091,1842,1484,1356
1224,1840,1702,704
1640,1753,1964,168
1188,1882,73,207
857,1830,1863,1477
182,871,1760,1316
372,1380,1232,42
1784,6,1797,1020
1406,610,1443,1007
1852,1478,1842,180
13,693,1983,605
1814,1377,281,1238
552,1137,1031,1352
618,1629,1584,433
1240,1358,713,685
1542,1442,49,1322
230,355,936,1382
717,705,346,557
922,59,269,345
353,53,440,542
1132,205,1158,55
687,475,822,406
9,858,1027,782
549,912,496,91
57,977,607,1794
136,1853,1836,488
691,455,1638,1228
894,1944,1342,1830
822,17,979,1268
83,1169,1850,91
222,1700,570,918
235,1105,235,1814
1481,1938,145,361
983,349,1750,434
1293,430,1852,479
752,1467,1461,455
675,110,468,171
358,1801,1785,664
1242,1527,515,553
1157,679,653,438
653,610,1707,610
577,1508,1978,1145
1486,415,1096,1941
759,30,249,1887
265,1229,1912,190
1258,1154,283,1220
511,724,287,1696
1864,128,1156,1740
1919,1862,923,1138
1844,678,1645,666
300,185,528,258
152,1059,1053,346
1180,794,1995,321
1512,475,1182,1486
1446,537,498,1573
105,1573,313,788
1987,589,1404,1423
571,763,918,50
1723,940,199,1792
383,1961,1552,1351
1379,165,714,486
648,197,962,540
596,1155,1255,1906
925,1521,1984,533
1267,1364,1125,1902
587,1837,689,827
1393,549,382,262
223,1693,1122,692
231,197,629,717
1211,429,1800,79
1775,309,263,665
1356,1624,721,1722
953,1699,255,1528
720,681,907,459
1003,1015,1081,1101
449,1018,1161,1945
384,379,1699,127
1687,430,1394,252
1544,1532,30,1792
1962,1227,53,1975
1072,1955,1404,253
691,1283,1520,1048
1719,1932,44,519
1875,765,1070,1860
1078,1835,1452,1691
665,1342,926,1889
798,716,1111,145
1651,126,980,539
1531,1468,164,1443
825,277,1594,93
584,1122,1452,1636
1771,355,1906,551
366,1154,160,527
602,963,544,660
835,1530,830,794
1735,679,413,1462
250,364,1758,934
1316,1454,316,132
1949,170,1278,240
725,1872,762,1846
1148,1023,768,1398
442,1009,1032,1939
632,1260,703,1652
1561,721,993,1867
1332,1104,91,1036
1508,1602,1094,1679
536,1113,1435,1096
407,743,1596,905
1022,1098,1559,341
495,1940,579,1480
688,84,693,31
27,1438,1871,311
7,369,893,1586
1854,1703,627,267
209,379,721,613
1040,1024,1510,453
473,1513,947,1352
1693,1245,549,1027
731,659,1867,815
472,1245,31,834
388,1310,1391,1012
914,544,270,529
952,1323,7,696
256,773,1474,328
1877,584,780,1392
44,1491,861,284
319,862,1663,186
312,595,9,1809
303,598,1940,1050
81,1182,988,960
776,143,1215,355
415,1359,1378,849
269,1343,682,235
1931,1772,451,1665
635,982,681,348
1864,744,697,1586
756,830,1455,1763
510,58,334,467
247,315,858,495
1603,1100,1573,209
601,1540,1510,1567
750,816,1477,409
223,576,1779,105
955,1975,1510,1090
619,1010,1583,968
1789,537,906,1586
1679,123,1185,1693
1468,347,729,1906
1793,1251,377,875
363,1063,858,458
141,621,1033,1031
606,1124,982,1807
321,1888,199,15
594,1089,745,161
757,1981,1883,1434
1794,1900,858,204
1793,1511,1638,1447
295,1738,200,750
1459,740,1468,1473
619,1955,1216,500
266,301,386,1573
862,1474,824,1640
359,1526,321,930
4,1670,1224,1660
1993,1534,414,1085
1869,1863,267,1244
1185,191,1843,1612
1331,86,1850,875
809,1604,1202,772
983,875,644,1783
186,1348,447,1996
1837,174,626,61
1127,141,1102,780
127,838,1022,843
1955,1879,1221,1289
1374,1390,1267,1201
1218,936,999,81
1098,1333,1093,480
416,1794,821,545
1796,1856,1911,850
281,1271,378,65
628,623,792,1168
1637,1823,1810,1838
1811,227,1519,772
1772,188,882,597
1684,426,42,1768
1874,649,1563,671
876,1913,332,897
231,1073,184,951
710,1988,1158,1604
1168,290,1440,1881
1680,1408,1063,1785
34,541,1140,1020
301,1621,267,242
162,1710,1524,805
1897,1539,1609,963
524,1065,1476,887
1883,1876,1723,1935
515,69,954,254
314,849,1824,1492
934,1544,786,1600
1096,1927,265,1317
1361,549,157,42
864,887,747,892
1876,745,304,509
610,767,1843,1121
1815,971,665,25
1421,1698,1924,1625
1157,1036,604,1321
1148,1030,1538,979
1633,1478,939,1603
332,1866,1678,19
1390,497,47,1584
1935,600,1801,804
1678,0,722,138
708,1612,1559,697
1062,275,685,1997
796,1315,24,1815
1429,650,1209,236
660,446,145,1505
595,923,1302,1958
441,61,1054,1874
1383,789,945,214
384,963,1233,677
488,1697,11,1428
753,1833,937,850
1201,46,1274,1042
1969,1497,371,1013
852,605,1733,1028
808,942,1545,1560
693,1217,1080,1798
1483,893,1080,1297
1381,823,362,1909
1808,1727,431,1606
1786,860,708,1595
752,391,434,1917
1822,1377,420,1118
1489,43,582,1847
284,470,612,548
1320,1731,1428,41
1899,555,803,1625
1023,1611,999,346
27,1973,819,1957
832,1535,342,1476
737,1294,1626,1483
140,270,936,102
1647,1973,1658,379
457,1184,478,298
1343,277,1030,809
817,239,767,253
1325,1958,479,1959
530,1070,496,1932
550,1586,952,1234
1395,1434,1167,855
1651,1825,1649,14
950,357,1106,1954
1145,1900,903,1430
541,1282,806,1523
1428,91,796,1081
863,1980,750,798
1887,1175,171,41
652,1988,1554,258
335,269,1616,1654
1131,1145,687,514
1389,1757,422,141
618,847,451,986
1718,1836,1475,643
1719,1201,279,67
202,823,658,1245
135,1604,20,978
789,1958,735,1032
1660,874,153,1431
1802,283,409,485
629,12,1531,298
1205,708,998,24
707,1653,604,89
503,1232,1407,1047
1880,954,1556,849
715,1077,127,389
468,1121,892,793
717,837,1226,1161
181,647,619,997
1859,1374,774,1727
628,85,40,615
1509,1945,1942,773
1527,240,864,1037
622,1476,1165,174
304,278,1163,1369
884,1257,1010,881
814,519,906,839
96,1854,1891,1303
301,552,1280,801
424,1070,173,960
95,207,1630,1655
420,628,1246,143
1568,1040,1167,19
714,759,1859,1502
964,35,491,1737
1359,1888,919,1666
1687,1726,74,19
420,1625,1138,954
1136,1754,464,883
1897,1145,167,1932
1706,479,1048,912
1678,246,1748,1020
1954,824,1031,1380
472,1344,1217,1882
1044,460,542,472
266,1176,316,669
1304,1756,1601,1223
1976,324,741,411
348,343,537,1790
1092,1301,1520,1876
298,860,337,616
1714,1398,1163,1420
1999,1374,1229,578
428,314,1507,1114
1158,1331,1178,504
648,8,146,1127
731,960,936,1565
1101,1886,1557,1120
379,1283,920,372
358,1972,123,492
1588,79,1162,197
621,329,209,1263
596,340,596,1288
1029,1947,94,752
1659,1558,349,1080
766,211,1822,1166
445,1137,668,1388
1094,511,615,404
247,1082,1351,1714
472,1031,815,1123
1882,1155,1934,675
1947,303,686,755
158,0,762,1302
1524,1628,908,1635
1687,942,1575,1012
1583,1427,1842,93
735,562,163,1788
334,1108,1652,1129
1851,1184,757,479
910,227,1367,380
1525,605,937,189
1178,643,106,1698
492,978,485,255
693,447,440,1316
288,1105,1911,294
1375,1276,433,991
1545,738,1019,17
1967,1692,660,808
1614,1247,490,1636
499,1308,385,489
1095,324,1896,1670
570,853,1794,230
1390,785,589,1145
351,1762,93,1145
1523,315,969,1929
1502,1193,524,394
494,1969,476,485
1732,834,89,1275
742,862,1756,330
961,1080,436,203
349,1112,775,78
1470,350,1583,1574
1319,5,1785,1459
586,1961,1256,1929
200,1467,1134,1227
617,1635,103,1163
172,870,277,1338
1191,952,1631,1470
1048,1187,612,495
1799,1247,214,1532
1904,590,1764,1350
516,1879,340,1931
586,1952,746,1227
1787,930,248,148
1305,1326,1765,1512
32,192,452,1004
1663,1732,908,1201
482,314,1917,1445
1598,1885,337,1794
785,805,1509,1362
539,1973,1157,645
590,1651,346,372
486,1134,202,1839
913,96,1786,269
392,1186,1452,612
316,918,350,1269
1557,1319,605,1645
322,621,316,151
1163,1276,1971,672
1163,738,132,194
1064,597,779,798
1955,1333,555,1655
1638,725,481,1473
1335,1321,121,1173
1257,100,1536,1796
1915,597,1249,1589
395,588,433,1091
1623,1781,810,143
1857,976,1474,755
446,143,535,835
1702,511,166,1267
776,795,1302,611
157,1037,1613,450
30,1408,30,1992
779,1284,1518,1942
1017,307,497,1739
1930,155,1673,202
1321,82,750,769
1263,992,211,1628
1909,931,1640,1283
1330,304,34,774
824,947,164,405
311,1614,1376,102
286,1396,739,509
1102,1403,1313,1920
852,69,1928,255
210,384,0,611
1346,1547,1472,1384
516,349,1496,1701
423,114,1815,681
1712,1897,1417,1283
1706,611,497,127
1549,170,1622,1294
512,1854,187,296
1497,656,246,606
275,1005,599,1961
1392,1752,1107,1942
1984,1463,1745,1206
1379,1750,1718,1188
1516,780,719,1791
1763,1649,1549,1296
330,1965,1295,1923
276,96,1873,133
1206,804,472,914
808,1564,1794,636
1623,1355,1119,342
1084,816,522,712
165,421,1648,661
1111,1186,1581,1165
109,1784,1485,1982
14,450,262,1558
331,1647,1139,1619
1443,272,762,204
1824,928,541,1549
730,934,1567,1199
1579,1492,1224,1310
391,1334,660,865
554,1121,843,127
1802,338,1403,804
175,1978,888,1289
1117,183,686,1813
267,1845,1718,251
1405,1225,1772,709
929,811,1228,542
840,1504,1923,752
191,318,99,1879
846,1983,734,688
1043,368,339,130
194,71,1356,158
590,743,781,400
334,881,355,1212
2,777,504,13
1007,818,556,171
1756,1811,1852,1195
526,1923,400,262
1902,494,1945,997
1953,1044,1044,542
1703,695,1310,291
1421,1559,771,387
1375,646,1534,434
1441,290,527,1183
997,1467,105,125
890,1240,1114,1161
519,705,1146,1922
1929,1052,461,557
1202,1225,1195,1117
497,401,1435,911
1782,39,102,1332
1917,1922,1814,74
1269,1491,1556,1355
267,639,1440,1600
1802,793,1517,1658
1956,1391,1444,298
775,499,846,1740
1745,1452,1700,1681
370,242,1150,1326
1422,12,226,1510
430,559,9,1617
1298,1679,497,403
1322,365,1062,96
1278,13,1794,1692
888,418,1850,1588
130,1589,1557,300
850,1615,832,1378
110,1822,176,600
657,884,968,651
156,1677,315,1353
864,1137,1185,1603
63,1647,160,277
1768,44,1296,658
1908,1877,1563,1513
1273,299,1893,134
1844,1335,1759,466
1122,308,1834,281
1695,1567,1699,160
975,1524,864,702
1844,37,413,422
613,711,1152,882
520,1358,1921,68
1221,1260,830,1044
1676,175,1274,1719
1847,1784,155,413
376,312,1839,1971
1892,947,1867,520
442,1399,1365,1828
1411,560,90,737
1696,1689,1629,539
1377,1225,1887,372
89,971,1062,193
1388,1021,1542,167
723,292,1382,381
1424,17,1567,1615
104,1590,387,1411
865,712,793,540
1970,977,1626,1178
1113,665,255,1345
1529,1492,738,698
1223,921,734,773
1598,1297,439,29
974,1559,1682,648
637,1314,999,758
1860,1877,454,1217
501,632,169,1365
1697,800,1643,1158
952,1942,1459,111
982,1133,412,1230
1807,1317,105,1626
733,778,1593,864
1229,1630,1076,690
1543,1551,1210,1556
214,672,996,871
357,1912,1711,1083
193,138,70,346
1364,1835,269,1782
910,316,1318,154
949,665,437,769
1983,1315,608,1913
1814,9,1796,1232
817,913,1064,266
1168,1484,1333,1143
1220,1835,912,729
1584,649,425,958
2000,638,975,1297
1206,809,1669,349
226,425,72,1356
953,1279,640,1610
1590,507,1894,461
1278,171,1193,1799
1822,933,1963,1905
704,1128,291,1667
11,1803,1097,77
459,210,1734,1882
721,1853,702,42
1772,1655,478,643
715,1388,878,147
500,214,19,325
759,1637,1228,122
779,899,1049,732
1192,79,1248,812
1019,1254,1407,386
245,333,674,556
1834,989,142,1575
1679,277,384,2000
833,1053,805,1179
305,1647,963,929
381,1076,1042,1800
375,721,700,634
1917,1843,1330,1374
1082,1148,1226,24
782,1926,1080,133
307,1342,1416,1811
1437,117,765,570
1638,1049,145,180
1775,1271,24,284
1116,276,1602,1135
341,1259,1953,1185
1739,1781,922,1982
617,1271,1503,1253
763,1383,1499,1063
1360,595,1331,1390
1864,92,1452,1469
169,1113,489,969
925,1837,1352,63
1188,109,1303,214
1591,1728,1741,102
1313,1244,222,17
1294,661,796,1728
1264,1326,1833,1039
196,437,1379,1930
1565,341,551,1036
548,1975,1688,878
1288,1372,372,1999
57,1745,1456,57
1674,918,1849,412
857,200,776,831
1984,1610,1227,1764
727,1690,1850,1984
902,202,860,1734
1283,258,1864,615
139,559,1903,1498
1728,579,985,1111
687,1081,217,1192
555,1583,597,735
1028,141,519,1212
584,1373,1010,1516
852,297,1661,1913
1138,628,1586,161
1738,765,687,168
1647,1767,928,1460
32,1325,1117,773
795,52,1737,1761
1302,244,444,722
1414,1571,1419,728
605,891,26,1775
1266,1495,978,1572
714,1015,1406,1774
1018,1567,375,1422
1758,1510,1716,1115
896,543,368,1637
1339,1473,894,572
798,713,744,1626
1494,906,922,461
1476,403,418,891
321,1448,306,1501
500,593,1862,1198
1837,1711,325,463
1124,94,408,723
244,772,740,354
384,40,48,717
1723,733,1792,380
534,144,201,1765
1087,1912,1846,1642
1917,1284,752,384
60,1252,1848,1201
437,264,1111,368
1724,1187,805,100
960,371,1830,1584
977,948,1267,449
841,855,1088,1360
767,1071,178,297
909,609,928,840
168,1627,1509,1985
1519,1543,1743,728
651,1889,1635,1629
243,472,1008,1238
1941,1690,1229,1621
1555,850,1881,900
1023,1791,172,743
441,367,1532,613
116,284,494,1781
212,348,1039,1349
988,1070,217,1659
382,209,578,1535
1966,1412,56,238
177,1822,1297,1161
263,87,1084,421
491,1953,1357,1114
1081,1353,849,492
287,1892,1938,1866
1367,853,1249,254
1700,254,300,1272
274,752,1023,1756
646,1624,884,1995
1204,417,1499,485
783,797,852,814
724,1335,739,561
155,1131,1116,1157
921,1422,246,1411
1009,1733,1610,1343
208,1050,713,285
995,45,381,1941
182,448,1210,1432
1849,464,550,1701
442,491,1286,1121
1085,541,94,796
1601,1126,1849,957
1112,1724,1627,348
1301,559,530,908
1598,332,1303,252
1611,1791,170,1976
1175,974,1383,1119
1014,1800,1068,750
1207,576,1673,1284
2000,1111,1422,722
1305,1924,921,1753
668,56,406,1595
218,980,1249,697
1502,1311,220,17
135,411,1780,1819
1922,1624,1380,1800
703,1687,958,1696
1306,1219,408,955
1645,260,1202,1547
252,1210,1710,1353
1547,808,1713,1759
281,181,940,1546
163,1603,1588,1772
39,1417,1462,1765
598,490,1161,1507
1880,579,1269,1812
216,698,1125,375
1776,678,310,1338
98,388,1100,1255
959,1897,127,1808
72,1552,110,543
1197,530,1268,1285
107,43,1200,1350
1779,1428,556,1978
535,1568,677,586
765,1331,1628,647
1701,1248,225,1013
1657,1188,1779,938
1464,1979,1290,1540
1306,1396,41,986
577,1212,1791,322
942,782,1789,1489
211,223,1983,493
26,785,1213,1860
994,1998,1683,903
1761,250,192,1485
471,154,430,1719
1226,809,1813,1390
298,1714,1675,363
1728,129,1554,1216
1119,996,892,1979
1567,247,712,963
1350,37,1131,126
275,1827,1022,332
744,106,1049,313
489,495,1558,589
33,1156,240,1828
1041,1887,1037,1497
305,389,619,803
500,1719,1458,30
1481,1188,1820,1111
345,1475,1442,861
1663,1954,328,635
393,1663,149,1003
910,319,543,282
250,231,1275,1602
1511,1435,591,623
362,899,855,1757
688,399,23,1872
803,1710,1474,452
938,522,1264,443
157,1708,1412,860
1975,514,595,175
1955,951,612,1342
1906,157,1426,1764
104,720,1622,1499
760,1518,1902,688
332,1448,1065,26
196,528,1794,1026
362,382,1482,1443
901,954,1207,1561
685,814,1133,1857
1114,1619,1188,1019
1278,1333,1631,1940
144,1564,1113,1293
819,77,788,223
131,957,1453,1695
1316,1326,313,1976
1833,124,185,859
1998,919,304,259
1924,339,73,307
389,964,1302,913
821,1108,1073,1734
103,1445,720,600
1620,1915,1910,1626
814,1864,149,399
1093,1774,1100,1637
600,1650,801,736
654,1728,291,860
299,872,1264,1166
1727,1345,1252,1494
1368,1299,1373,1779
117,133,1577,431
593,1629,1877,1244
1315,1297,676,8
1455,586,143,1313
582,590,222,1656
1814,1290,204,232
499,236,308,582
186,280,1182,1919
1470,285,498,1656
737,1244,1803,134
19,51,358,448
887,722,1700,353
311,381,1760,677
1758,636,180,525
848,1236,1550,1497
58,1224,255,464
1734,1366,1244,1156
747,916,35,37
932,87,571,38
1384,1677,42,1928
1496,733,1167,1690
1665,1224,1481,1099
1207,1816,1338,806
558,257,1086,37
1057,1527,1004,71
308,1789,489,162
1502,464,873,1584
1277,551,244,174
215,1031,1633,344
1936,1459,705,1599
1919,1739,493,663
49,382,1571,304
531,941,812,1295
830,353,290,1647
544,990,1684,1934
154,1346,293,1932
1067,1993,1055,732
433,453,1920,759
931,260,19,1697
1148,1054,748,1687
1732,1877,1861,1387
146,139,934,763
1972,957,649,528
1785,1315,1243,874
1028,1839,1787,159
753,1327,39,190
427,1450,1215,1792
1963,1918,1604,852
301,881,568,572
1386,61,869,419
1914,1911,569,553
351,1764,308,1651
1623,633,799,1092
1167,630,1341,1006
372,94,583,181
1298,1725,735,929
1813,562,1841,182
579,1073,1158,586
956,170,1057,194
1093,760,18,627
1636,1407,1139,89
510,172,899,132
1522,783,751,1081
662,96,1910,1332
1579,268,138,677
1462,1690,1131,181
697,456,1055,1409
854,1152,211,1607
1726,1452,1407,570
1532,890,1446,1807
1105,1461,564,1399
705,1839,440,929
767,1670,1389,469
1090,463,1560,173
1423,369,997,266
218,829,237,644
481,464,673,1746
237,540,330,1538
350,71,412,682
1378,1458,1842,718
938,1346,1358,1600
963,32,1161,854
842,1610,296,678
1981,80,574,1350
1488,787,60,1362
1598,32,93,1783
252,758,672,1686
578,169,267,651
805,752,1893,1568
988,1483,1497,95
734,62,75,1529
493,1363,1639,1312
1875,772,1242,713
927,1096,563,744
1638,1027,1071,204
39,916,965,1519
1030,1723,1478,713
1884,1498,1538,1314
319,920,433,1889
802,1417,1192,1272
1074,1744,1757,821
152,1460,1493,1103
1789,1972,1182,1316
1689,89,788,1859
1569,1438,1612,207
1938,1413,1124,1069
687,1422,784,1659
1168,441,1026,1979
1743,1236,1484,1094
585,1891,1102,1000
1657,1602,1283,393
1806,176,1574,1992
941,470,176,1041
811,811,876,814
1231,645,695,1532
1494,1755,418,935
200,1134,1973,706
1565,1788,97,512
446,1366,1207,237
800,1612,1475,1917
1093,856,488,399
1451,596,699,1602
1422,1792,1971,1330
1587,898,795,799
819,759,327,29
48,928,855,1018
1045,474,1748,811
1400,815,331,1620
1173,374,512,1548
1327,1294,1769,1914
821,1663,475,1350
1239,712,1116,86
857,592,337,1931
1165,275,535,669
984,782,143,1426
503,588,188,1502
316,859,1259,1697
1004,1110,903,122
1749,912,1853,1364
861,1186,997,709
994,1693,325,1760
1753,773,290,115
76,1088,881,710
1804,1390,182,1050
1136,1908,1398,1450
596,1435,843,1577
857,587,1864,400
1521,1288,787,505
244,1009,827,1910
227,1205,24,593
500,1063,541,670
1548,1326,1857,1396
1941,1767,271,1836
1910,1805,1992,399
1900,1527,1033,530
1792,1625,1414,16
1201,1226,398,1234
1651,1982,1226,1975
47,14,992,1996
618,773,745,1716
487,1268,275,1289
1539,342,671,600
1182,319,518,1671
1649,693,1767,560
22,1384,1748,332
794,1641,485,337
954,1036,885,1076
1566,953,1588,1319
1496,1139,621,227
886,785,1815,994
899,1444,85,1963
1645,1442,1930,1285
507,1470,1745,1108
828,523,207,1097
102,174,183,1526
938,472,1240,973
874,1526,79,1039
14,1253,1934,124
822,583,1700,222
963,1795,634,1108
499,1453,58,1229
795,960,505,884
1010,736,658,124
581,1769,1129,1657
1639,1806,268,770
745,1003,1678,1488
546,1978,270,1844
168,672,687,260
1389,1815,1807,672
1131,1770,1897,1587
1661,851,1986,1682
1705,1984,228,1792
1233,1573,1009,1201
78,1411,1795,1673
474,883,1626,1346
951,1977,1362,1746
404,764,1110,1683
1078,1255,233,212
341,907,1194,942
1771,1913,320,1353
370,971,1560,1807
560,1113,1417,11
1091,1020,1029,1669
1860,521,1266,742
193,1055,716,1990
1221,1468,1600,1647
1170,1747,864,180
801,0,100,289
921,590,1489,231
1557,1841,667,426
382,330,1638,1688
1934,4,1054,1505
1848,18,1460,1332
1106,410,193,1992
1169,1963,1505,1951
265,713,256,1472
1473,914,1584,771
1328,725,984,42
1123,78,1887,1912
398,1926,1527,413
185,1614,1993,1796
1943,759,809,1991
1679,1962,1196,1325
730,647,1947,392
884,678,137,1859
845,1888,710,1093
1587,588,1586,730
735,883,787,575
148,977,277,1581
780,673,629,1766
1962,1896,1342,1244
864,1913,1744,97
155,373,1719,128
1598,887,137,68
913,1750,639,338
1509,940,1614,1349
497,461,1845,1679
565,84,85,1371
1152,202,1673,598
1255,1968,1366,194
635,1853,1013,1084
216,361,1543,1171
143,1094,1443,506
1514,1610,1051,448
253,1619,1773,1262
1717,1236,233,1326
1309,482,1366,243
858,1485,1604,1572
556,1843,828,1788
79,1650,1949,1133
1353,108,1688,101
354,578,718,122
1398,186,505,192
1764,1703,270,572
707,1004,1647,377
1697,1809,702,1865
1119,488,1993,283
993,1974,1135,5
982,225,543,744
1684,19,1043,1278
846,777,1681,1311
1406,426,1159,244
1911,824,662,633
1771,219,648,1631
1623,1130,1314,779
1645,816,1427,1399
58,1096,271,1216
303,343,623,1177
52,279,1978,1986
1459,925,1689,653
1578,877,1326,442
148,193,466,1647
399,1692,873,312
1253,1678,1479,794
1666,311,953,1082
1303,174,2,1996
1912,1765,402,1217
1052,340,28,399
759,1553,1066,460
1941,1230,1457,872
1781,1519,1681,1879
934,153,796,306
934,33,1093,1094
295,21,183,1464
391,529,706,1067
982,399,1522,1479
1050,1687,1863,1616
1797,1284,1517,466
265,336,830,1391
1948,1304,1599,1641
501,1863,1866,1692
1868,226,1896,1668
1945,428,1644,700
1922,902,1232,1286
410,1132,19,911
754,1954,811,1311
789,1412,629,1367
1669,388,1095,1813
72,832,891,737
49,1379,816,719
1286,546,1987,1703
652,1331,599,1103
135,785,238,159
980,1762,1710,964
556,899,836,1802
22,1543,475,350
1596,417,1995,681
75,1595,227,1455
1489,1183,987,1613
1523,354,1680,405
93,958,809,1529
2000,1505,720,207
1966,1884,1341,280
1281,1752,496,1764
1848,791,1095,211
583,635,675,1309
1039,1164,517,1489
354,1037,781,609
1045,397,1718,1832
1950,1953,1874,878
1901,43,1068,159
1849,883,1215,127
896,1734,619,1482
717,1967,1016,1508
894,1681,911,603
1399,1594,1750,854
1121,817,1201,1263
902,1421,240,1072
264,1412,1848,376
518,1840,1439,1241
777,325,1255,1724
1665,1556,755,1918
940,620,1176,1756
1214,1114,1346,1938
307,428,64,1164
30,775,376,1228
1760,474,1678,1724
1749,1080,388,748
1521,1508,1333,923
127,1102,328,1081
1531,1830,1535,747
138,1983,1387,1710
815,428,1656,1122
1564,1332,1787,467
1286,966,1999,111
992,509,742,1340
1324,1695,361,1326
695,52,225,1140
1378,1628,762,1975
1343,722,592,1691
1589,849,1299,1302
578,828,1213,946
449,1277,1335,1995
1157,1938,277,577
63,279,577,789
1788,640,587,1517
673,961,1530,1231
1444,1926,1405,1874
1378,606,521,866
1856,796,113,1895
61,1190,83,1135
1926,591,145,212
1349,1747,1345,1924
502,914,533,1941
12,1756,1333,1626
1452,284,1918,529
981,1506,1170,1830
1988,594,1402,621
856,267,20,873
860,1320,1668,1382
361,465,1372,323
1662,406,1043,1051
1393,1788,423,20
1184,1276,1070,986
453,545,867,279
497,901,1441,813
498,1484,1644,1709
1004,1486,10,1858
1915,592,264,456
1227,1845,224,1673
473,1175,1887,478
1004,1254,707,221
90,284,1114,1433
436,507,842,540
948,29,1389,1169
1084,89,110,1751
1505,1712,1760,1895
158,279,309,680
1286,765,1389,1831
545,327,1852,1535
1437,1782,1336,836
1561,822,1376,1028
622,1034,401,1711
1280,1083,606,1771
1235,161,278,301
1964,1850,1022,1381
1889,1643,555,1084
1900,1505,1162,87
1962,1545,805,1975
1319,1430,1181,440
1746,1091,1325,686
1876,378,1532,636
176,602,1048,1750
1012,1983,680,1689
353,748,529,702
1547,10,962,801
1180,1912,623,946
960,1184,1910,727
167,898,992,1958
1851,1343,1727,1511
199,1445,853,330
533,673,938,806
79,473,854,832
704,1725,382,165
1219,957,1205,804
842,1782,341,1514
4,1426,1320,400
1640,763,1017,260
1254,1129,541,3
1331,1449,1064,610
598,1926,1617,1537
1344,621,1793,100
1627,419,1237,1109
1478,1145,684,895
906,1724,1006,1068
1620,698,618,1193
30,674,902,1750
1283,1702,720,440
793,476,819,1961
1226,1729,1150,1165
1731,1594,927,208
839,1933,1405,1181
252,973,488,782
196,442,886,1375
701,732,83,510
1056,1944,183,571
1868,15,720,1342
289,1465,1563,874
1013,1537,1850,1399
962,536,128,1299
1498,1879,1824,692
396,1567,344,91
1204,1703,552,875
1654,1004,1815,1939
695,1756,1299,1817
96,1526,467,183
1102,876,241,1231
1255,1069,978,1262
380,1809,1037,612
1348,1579,1239,1548
889,1706,734,1655
1756,1544,1840,1090
1918,1234,1109,1290
1812,205,567,311
666,1440,26,242
941,84,494,808
756,1740,679,1762
321,694,104,1770
1373,1634,115,491
418,1790,186,1332
356,338,228,526
1221,1299,1075,1664
1835,1512,1652,231
504,1627,1813,971
671,658,1580,1094
1334,899,1751,1800
633,1795,1767,1278
952,1951,416,147
753,81,579,1632
1231,1762,53,655
425,121,1408,195
950,1880,282,227
1792,1721,459,912
884,65,1301,1345
1819,1440,34,956
623,1225,317,961
101,973,807,422
493,1198,787,1807
1741,730,1574,486
284,528,336,481
105,1844,1950,764
1177,662,49,155
567,1831,208,868
1467,127,612,515
566,953,305,74
1587,1872,257,1485
915,741,547,338
154,428,939,330
1165,1959,1140,1270
18,82,1203,1255
270,1422,1278,410
385,1871,759,282
887,832,611,803
670,668,1945,1215
159,1089,826,1892
1934,1411,1703,315
493,949,1828,1231
1909,1591,895,85
715,1349,415,478
858,578,1503,881
1015,1900,1152,710
422,1242,771,315
376,928,256,407
798,1424,1147,1490
111,847,1514,705
862,355,274,730
1536,654,70,105
1294,468,317,1956
1755,1628,321,499
275,998,349,1170
189,1630,787,943
1164,658,504,1246
386,1229,501,509
960,234,1308,1308
1406,1277,969,643
1796,1275,1965,940
855,317,943,657
1617,1394,707,1813
288,808,165,390
931,536,994,1285
82,1211,1002,615
703,844,598,305
1812,775,1280,845
1614,139,964,1708
256,503,1448,468
1380,1970,1207,625
541,1064,897,1150
105,1455,1791,242
134,544,1788,1028
1467,1048,310,1306
626,764,1393,987
1777,641,1118,158
1424,1228,434,48
432,160,1985,327
1839,557,1485,1181
535,1010,9,628
47,248,318,913
1658,1514,675,1905
277,1535,1486,552
273,588,1699,490
1266,1025,617,729
280,1533,1194,1497
1578,504,1195,1045
503,1197,1103,1786
677,635,1610,1680
1486,359,1385,1025
1092,1617,864,547
702,1412,280,658
290,723,478,1434
1480,1549,1817,781
1125,68,1498,607
383,222,717,883
1138,1386,838,484
1584,1435,1383,177
709,970,701,130
1138,544,1101,1748
1458,529,1805,464
1676,1472,1392,994
637,1479,907,1366
545,824,567,1165
1433,1679,1503,194
1575,1357,1651,1564
1680,1464,1466,633
518,879,1099,700
175,389,1528,1336
1440,8,1240,1400
1043,38,1119,1727
0,1135,179,1227
1481,1378,629,1940
403,1782,486,1314
1615,243,945,34
1716,862,1035,1441
1448,785,1800,1851
354,309,1802,886
85,253,444,418
458,24,1825,76
1007,437,1305,815
1798,168,1437,1561
744,326,1274,1795
1359,3,869,976
143,1386,1883,164
1303,641,1300,276
273,772,992,1901
134,206,1479,867
1237,1907,1682,86
313,594,503,783
703,1957,1176,650
89,1599,1076,1043
2,1431,96,1083
1658,1054,1616,748
192,1909,1143,269
756,55,1315,1314
101,1111,1718,626
946,1254,1793,340
1504,892,1395,836
1644,1654,275,1638
1449,485,1887,91
1412,1482,1523,1854
1186,271,1942,1218
1857,1780,1960,1832
273,1698,1981,1102
651,1685,1744,1675
91,1405,1109,1321
1124,128,1048,30
738,336,757,676
1220,1958,1444,914
1998,1968,997,130
622,620,912,1458
1071,846,215,1178
1866,1814,1779,1314
76,1832,909,302
1965,1195,756,1038
1017,569,709,895
1307,775,673,661
391,805,1712,1490
1946,817,1205,1133
190,730,774,1196
260,1229,192,798
1008,625,606,1764
1779,1305,64,1711
833,1125,297,702
1088,1353,734,1542
1762,759,1093,1588
307,820,1174,920
483,317,1940,1156
402,1165,1032,258
335,407,1224,1479
1933,1396,527,1397
1944,1643,621,51
1233,383,1057,1683
1685,366,1106,899
187,1741,1037,718
1951,1762,1,905
1787,1162,1273,1636
431,1187,1372,1726
716,1277,1209,1804
1360,993,524,1718
547,128,1211,1291
779,593,289,16
202,571,718,563
969,79,971,1672
123,345,1286,1887
39,1696,990,1698
716,1651,1783,1352
1787,1958,1173,1181
42,1918,497,442
423,1400,1602,1231
589,1300,1595,1660
985,1326,1645,809
100,655,511,50
1834,1718,1114,616
1650,334,742,1654
363,1220,1347,1116
68,1039,308,224
1873,1617,852,150
1501,445,1209,100
424,1262,1043,298
1444,699,1882,516
643,490,545,1852
844,1081,1634,1835
1212,212,1078,548
112,1460,1159,1320
1560,285,1608,1793
423,1048,953,170
953,380,1124,624
831,1567,1154,718
568,1113,1602,289
1526,780,1341,1154
1166,1262,116,230
739,579,1234,910
1059,353,569,712
126,1478,1678,952
659,525,914,296
651,1089,1305,196
737,599,603,881
1325,335,847,436
436,1226,147,103
1800,275,1178,552
1439,1994,1067,958
1541,872,1775,1722
331,1621,870,1780
511,1613,1847,165
1405,1099,1121,1899
736,1957,751,584
1829,1328,804,882
74,407,1731,860
1534,1741,1326,208
1828,120,8,1944
813,1415,1956,1282
743,786,1039,837
1082,816,1416,1907
684,1898,1569,715
1230,1601,1624,1481
145,776,1899,1783
1905,902,1486,1014
513,156,1660,235
138,1555,1415,360
1192,1219,526,438
760,1188,1918,1236
188,127,355,905
834,631,1393,1299
173,509,885,109
1803,976,444,793
74,1040,1656,372
1107,1248,1861,1654
18,1379,136,981
1766,1076,747,526
445,1577,534,1887
388,1573,1015,91
1553,973,107,433
302,1519,985,1150
1809,676,676,866
1166,146,189,587
1554,498,354,1171
678,939,1819,1568
1083,1768,810,1057
1548,65,362,1709
967,908,1569,706
761,1656,575,977
1856,661,561,599
564,1075,1648,1079
1597,677,1801,1495
767,287,1236,1143
690,1345,922,666
345,1199,1858,636
851,760,848,1541
1295,454,120,1493
507,25,1973,1984
1432,829,1213,1333
939,1513,1167,137
489,1103,1133,1205
869,941,1765,431
1940,761,1802,22
1666,1842,840,254
90,520,1342,1351
400,1397,1680,1353
262,738,840,1795
1622,1826,1746,1400
106,1804,583,740
422,670,1549,706
381,30,19,1473
45,1038,1264,1708
499,1472,935,1129
1511,1507,744,666
135,1733,520,891
1315,1826,1662,1600
1762,1305,1762,440
81,1414,441,919
1618,91,1846,1991
1565,794,402,1606
1718,805,796,1582
802,261,1701,1121
8,1547,771,1699
1171,97,1209,1471
1497,426,1921,1567
24,1422,854,487
791,983,1413,850
1801,500,1088,660
795,1685,1237,1386
756,1528,543,1801
1867,1071,270,1397
997,1410,632,1078
364,1231,571,1308
1622,557,1669,926
1731,834,1143,1700
1933,1924,1396,498
265,177,547,1235
1518,763,944,1301
1721,1935,251,525
121,255,863,996
1329,1850,1892,845
1317,1079,509,871
1890,91,245,1997
1030,1286,1399,195
110,421,1233,75
995,1699,70,1530
118,1014,835,1150
1173,466,265,139
590,581,154,1062
539,1064,1799,971
1671,1963,1791,318
1135,1198,76,532
1989,519,93,1813
273,730,1108,444
593,1644,468,1248
1772,525,1993,1775
349,1832,1102,449
227,357,220,1591
1975,1764,1991,850
253,857,99,1426
1088,572,1109,1226
644,1623,597,1085
1361,1902,1439,130
1990,1401,710,1526
10,166,1021,1146
607,660,994,824
772,1524,1361,1406
368,1981,542,1797
1492,19,1384,89
1594,1425,1786,927
1022,332,74,646
629,213,1046,545
1757,435,461,253
311,295,1091,1679
1431,216,1758,1492
426,1798,1691,1449
189,1659,471,1281
405,584,1431,492
8,302,350,1738
1697,1127,1850,61
202,963,142,1096
1567,1483,566,1958
1309,1793,1818,328
530,1411,1660,510
1701,240,366,872
1087,1304,1605,1231
1635,1688,31,1411
1231,803,11,446
1856,1140,1804,1845
1932,482,181,1065
366,302,341,1754
315,889,1462,1289
1873,1604,1159,1086
1575,854,1421,633
1076,1436,1090,645
1793,1333,527,1669
589,126,1597,1556
514,1569,1468,1986
1522,1331,1289,85
1068,1629,561,1661
1456,296,1827,418
1814,771,1027,1889
1853,931,854,1349
1570,1171,986,1726
1701,1084,751,1048
312,1618,756,1578
461,253,1285,1121
843,308,1366,605
1723,1079,1476,1715
1208,1340,1161,1582
372,645,1918,1107
1291,671,1524,622
1640,444,493,566
1910,701,842,147
1040,572,185,1627
1442,650,910,1781
592,294,1691,503
1569,1664,259,1692
1660,143,853,722
1162,552,1716,820
1877,935,1744,1168
1558,1075,1523,798
1463,519,1034,1777
869,1890,154,1887
165,731,1394,539
1253,409,1884,749
1545,909,759,1596
317,1905,1769,1170
1093,507,774,1166
1195,351,280,1948
1396,565,1577,847
229,637,972,1187
1238,265,1607,1137
1826,1178,1572,198
1379,1921,1988,1526
1416,313,51,859
1182,40,1336,1784
919,1089,1699,1987
212,879,402,1569
754,1465,1148,403
1220,1490,940,1395
449,1136,509,420
1759,172,1050,927
796,282,903,964
1210,489,476,531
645,1610,1072,19
1792,1515,1657,638
1897,675,389,34
1259,315,433,696
418,1784,1437,389
996,357,860,1791
6,1631,1759,714
1760,233,693,904
632,959,1611,1461
513,120,10,1322
460,376,685,867
1706,182,1574,721
252,254,1581,337
1543,285,1038,992
248,1983,1359,865
1296,1640,1273,206
410,38,1735,924
1314,1931,1802,227
571,1731,1475,1738
244,1719,939,319
1506,1839,282,1784
54,138,1964,30
1546,575,1545,184
38,1469,1988,1242
67,96,91,747
1109,1980,1332,1089
1582,541,48,1338
901,659,50,62
1691,335,143,877
463,1656,792,661
1491,21,922,919
1538,314,548,904
492,389,1655,605
997,351,1869,1004
928,1264,97,887
196,1717,1433,1339
1071,1001,1899,1745
1764,161,988,275
574,1928,1399,1736
499,921,245,1049
1096,1778,1068,799
1859,1493,781,414
1931,1982,295,582
49,1322,1004,56
487,273,646,1345
1221,346,1901,1603
641,1112,1099,457
491,304,305,1589
793,155,1455,62
1540,1630,856,1449
1094,589,471,1801
705,1640,1364,1839
494,1408,1442,1919
1715,1197,1655,1913
532,1922,747,1841
1633,284,701,1228
1850,1374,280,882
336,555,1191,1586
1851,777,533,1271
267,39,1326,560
407,1871,794,512
79,1846,1877,20
1517,1235,1150,385
1816,802,914,1181
487,1672,1523,1375
1152,1323,61,660
1414,72,1779,1818
1918,703,435,1497
866,1145,1630,1155
1349,833,1099,1001
706,1003,1295,448
229,1601,1880,1004
1004,809,766,1391
1983,717,1021,1166
673,399,1767,1137
1304,1930,1005,1738
1339,1523,1140,1297
1666,1740,51,1812
290,111,494,839
1275,958,105,1102
1251,814,1531,1798
691,236,933,1050
626,1232,1447,1707
20,356,1106,1454
1405,1358,947,1870
1852,1552,59,1337
1959,716,1317,542
247,1550,1343,167
18,713,335,977
433,640,247,1464
843,660,1969,390
985,1641,532,1962
146,1518,819,148
589,703,944,919
1706,1426,847,1305
1496,1402,1281,487
596,317,1212,1767
1577,863,768,1046
188,1848,508,1465
599,551,943,374
634,1412,100,1757
21,904,837,314
416,1283,166,1686
285,1301,434,1638
1712,1386,162,1483
953,592,1719,716
400,1673,1558,13
995,1990,1261,547
1314,679,931,3
1459,558,492,1208
648,708,1879,389
1276,208,971,986
684,1744,659,136
1991,1457,441,1289
1426,1743,945,1816
826,9,1371,817
676,1431,1632,412
91,1949,663,1193
1244,21,1690,1473
570,540,86,944
339,1357,17,1526
499,768,1751,1524
1600,1388,18,1380
901,1124,131,1314
1867,1848,65,1327
290,1227,1915,1760
1602,1255,592,1856
254,1494,1028,1388
87,1620,1099,393
884,964,730,322
1199,1455,12,37
298,796,1133,1190
1428,1368,858,1466
153,703,1090,527
1498,450,708,850
1241,1067,1109,797
55,1482,1307,758
37,1283,742,1159
369,1551,855,1920
1891,354,1415,1262
267,1322,1072,1375
50,1141,1534,1344
1245,732,174,426
1115,1692,746,1027
1039,1555,758,1224
1512,1039,1278,1346
1618,1175,683,1476
416,972,772,1644
453,1670,121,1197
974,650,910,819
231,597,1079,1383
1035,1645,677,1333
200,1844,914,1933
1638,1269,1291,241
1988,806,1743,1819
844,972,887,1725
1203,1914,1923,1425
995,1659,294,682
1241,163,639,415
196,617,591,932
55,564,606,473
1486,623,1938,1078
1905,208,360,1110
1484,1162,120,769
437,535,585,713
1594,268,154,511
1034,471,1251,1551
1976,1440,1870,1431
1966,412,1689,661
1267,315,1919,919
656,1697,1363,1684
1127,1832,836,1880
158,768,1449,918
1211,462,510,1432
1514,783,1070,991
262,1980,596,57
400,1738,1022,1144
1583,1104,1543,1869
1831,972,863,600
696,778,187,129
1333,139,947,707
377,588,1886,809
197,217,492,664
1124,1930,615,504
1543,510,1983,866
560,1052,1029,1265
889,658,1000,62
720,686,1038,1837
1669,1261,1125,624
1072,104,1638,648
364,352,766,1833
869,1778,180,1936
485,418,1814,1498
532,1579,80,97
1478,578,1387,1489
404,256,904,1985
59,1308,110,29
1853,1642,935,1518
908,1010,369,2000
1778,1369,791,852
1958,1589,1669,1026
798,754,1001,1868
556,788,778,538
1240,296,848,1427
1505,1555,691,891
1760,38,1327,658
1494,958,363,535
461,1186,1053,273
1868,1373,1205,1595
469,1792,1504,1291
184,987,591,914
42,1513,497,721
1112,1049,724,1518
1471,1325,232,831
1150,735,802,308
63,464,645,1820
482,224,194,1221
878,246,791,1598
1055,1938,1504,592
1643,176,1340,95
561,1952,81,1598
1761,1507,960,1345
1113,25,697,1192
525,1968,641,300
221,1066,994,1340
1866,150,1964,1347
956,904,1101,1970
1905,1981,1032,1720
191,955,614,1118
844,1970,1635,1220
1156,1812,1504,1649
618,1579,495,1704
183,367,1037,259
76,1986,841,880
354,701,573,117
571,1411,754,59
726,142,1184,244
1759,1901,1782,154
1491,26,418,47
1989,1371,1518,126
1603,1748,1270,611
723,95,1382,1977
55,280,392,303
1681,397,761,1055
521,316,966,1826
331,1676,1899,1149
554,1197,1251,363
413,28,701,988
857,247,314,742
1229,815,1775,173
478,1784,1787,1094
1011,1470,472,1541
1723,287,1632,992
1455,985,1270,35
594,880,386,1001
261,541,1643,1176
416,1725,57,829
1874,599,1744,1347
999,1337,1220,1938
1474,217,32,511
1334,1546,1647,66
448,1747,1283,1016
903,12,652,803
1886,916,1101,682
302,1857,404,1083
1890,12,70,856
340,100,369,263
531,1082,1,1851
1426,1583,1199,1184
1743,1174,1662,20
947,1977,1763,1978
786,548,1734,869
375,20,1265,1020
643,433,307,1838
713,528,914,1846
976,1972,363,900
233,1891,761,1219
242,217,1714,491
1929,1906,1496,1570
72,146,235,1342
860,213,752,60
158,1935,1445,252
1676,1099,918,1708
1570,835,1886,1096
856,917,607,21
1401,1764,115,1200
682,1746,517,1653
162,1232,425,737
265,1567,1700,1698
1604,120,429,928
1937,1332,1058,322
431,1404,1044,241
1103,904,123,124
1552,1901,1313,1882
1933,430,184,1820
796,52,10,1396
250,50,1969,1093
977,933,872,1430
1532,97,1067,1351
199,192,1931,884
931,748,1721,1844
1726,188,88,1522
1598,1231,414,1010
336,1844,244,1264
159,1387,636,417
1895,816,1436,908
1131,1681,1397,265
1292,1539,1274,1906
654,226,254,96
1694,718,1863,1088
1204,259,405,1358
455,999,1910,521
1019,624,1316,1058
1076,1054,1593,1179
738,876,380,1218
1907,522,655,214
672,820,1878,254
916,885,668,1436
1911,528,941,1001
1356,1900,544,1109
1782,964,1417,400
1340,871,1701,1412
1274,1425,1490,1885
302,772,227,1706
134,150,560,1892
1822,884,599,546
1868,218,316,843
1546,768,228,515
1276,1123,86,707
86,1,1450,1389
1937,1262,1607,520
1406,1976,1820,116
817,1090,1334,844
1080,1911,1701,1578
1910,83,1292,176
1855,25,919,743
568,1624,539,1437
584,1758,1159,945
915,1062,1904,1484
842,733,1836,159
1150,163,1884,397
379,517,1538,1112
621,909,1425,1963
492,1879,425,1105
662,251,309,1209
117,1664,630,1167
162,1747,1895,599
866,1005,287,664
928,529,315,7
593,1142,195,115
258,1888,1343,661
1123,1607,456,798
1241,994,1499,246
343,1208,1392,675
1024,945,1832,1864
1267,951,707,1628
1447,98,1519,1446
659,1376,1281,643
435,1829,1572,1433
107,1372,809,1395
1194,50,300,665
1146,864,1668,1832
1489,1900,638,1326
613,1113,654,1063
1321,1323,610,1158
1736,1154,1517,1816
1777,1944,657,1325
1574,1160,496,225
629,1434,1522,1335
1890,1593,1549,53
236,772,1763,1214
1619,1504,194,521
806,1394,1416,823
822,1496,959,321
1170,1655,623,813
1288,1545,1410,355
1505,799,846,1105
1272,1059,109,1019
1126,1149,1761,1798
720,1525,1726,62
1045,1523,1543,537
171,1764,1299,1236
1880,838,1700,1955
1415,554,222,1393
927,1257,315,210
1945,670,474,1408
1446,474,675,44
1718,929,1930,1072
1844,1048,1865,608
1165,640,173,903
941,261,636,1838
1438,1829,167,293
792,1777,1809,1383
1715,172,1017,589
1761,1858,1616,1448
1410,286,1710,1502
1881,1618,389,1641
882,194,735,1470
1136,809,276,101
313,1652,1811,314
232,174,1862,29
1671,502,730,300
1949,1153,1100,195
424,1873,1377,630
811,919,1965,1327
1735,926,839,1112
715,1612,960,1514
151,1858,1474,865
957,522,1175,1242
1920,1428,1340,1960
1329,336,224,153
694,670,1610,1482
1671,1733,1871,610
85,1937,1081,1956
1177,1278,1491,1793
1193,235,413,25
1761,1364,143,265
548,590,1416,1888
1535,991,33,1505
1679,472,1892,292
1909,1127,1496,1807
817,1138,1209,1639
471,972,1478,1543
698,283,750,1293
792,1748,1485,765
1401,797,844,909
1140,1842,1627,258
1943,1826,1381,498
498,1356,180,1261
1132,1843,1484,1715
1044,1812,1913,1369
1766,876,1256,1906
794,1033,356,1673
747,418,753,1677
128,1836,820,1394
214,782,340,1136
1102,1596,669,1546
1638,285,171,1908
968,1265,1054,548
1373,1792,1507,1577
977,1013,1348,34
1201,1424,82,10
282,20,566,1460
11,387,190,1017
1526,1484,1821,324
353,427,1330,1925
384,801,426,1679
817,1611,480,533
206,1762,1663,1812
1157,957,523,1486
1220,966,1256,611
13,1411,525,341
1051,335,766,979
1655,1496,1707,708
1393,1997,1692,1743
916,1425,785,864
696,1776,558,159
1456,891,1984,1666
653,1489,1805,1735
203,60,1635,1108
1970,218,1860,898
1299,1644,567,1951
1651,1620,1292,678
1998,443,1303,1024
1205,579,1961,1149
1371,230,1079,1857
355,224,1775,1234
1110,1969,621,733
1593,1339,297,829
1901,1656,1838,1480
1855,1778,1754,236
1411,312,615,1000
1755,176,592,1248
1448,1091,296,1467
1799,1319,1357,302
170,199,1464,1983
1319,1104,1283,1177
1360,1572,1819,1434
28,339,1964,4
668,456,328,534
274,1789,528,1900
954,1266,143,1132
1204,788,485,1205
488,1421,495,1474
1199,893,1862,1423
1222,474,1556,1970
1856,280,555,763
1533,1146,196,581
621,1368,1329,254
757,1513,992,423
856,1146,1577,1016
329,1375,1477,968
847,1176,388,486
1043,761,1032,1087
1030,1897,1467,1602
214,1322,1303,980
1746,966,1319,4
1192,396,1632,1651
1485,990,1949,949
798,1455,490,905
1427,1259,253,1860
275,318,1326,1451
116,1151,905,1218
1205,74,368,768
1522,107,1127,966
77,971,1552,840
716,533,616,863
1303,698,382,984
82,113,729,969
1028,1789,1762,376
1628,1939,427,432
1821,296,313,9
206,906,34,1113
390,184,805,1408
1224,1858,7,1598
1192,29,990,650
1295,415,662,10
1677,1595,1077,849
1276,1495,713,545
480,1782,125,592
1990,1101,94,1511
961,1854,1896,676
1047,1068,1165,1646
1912,1827,844,1427
797,84,969,169
336,102,505,1396
619,1924,1159,1397
19,1483,303,741
1615,1518,1348,91
1221,336,730,665
561,881,360,933
1636,280,1742,1961
1314,1174,748,616
907,1868,599,925
673,1417,789,1778
979,1917,1687,1560
1799,63,1613,104
1179,218,1984,207
1372,987,1368,607
568,623,1940,1208
306,1707,1309,1921
14,1891,128,1400
1626,763,424,881
916,267,387,361
398,393,1277,1239
653,1180,783,653
1123,1663,1958,1708
945,217,404,265
86,953,878,165
1269,778,951,808
134,979,1530,544
214,484,1844,115
1184,1868,324,583
1866,224,1105,1202
1552,171,300,518
874,1212,173,176
307,557,1035,236
1964,985,1341,1569
1612,1914,1982,1492
998,734,404,1689
1875,1477,84,1312
1329,1283,1175,1262
1190,482,75,51
315,469,1772,1699
883,739,487,163
173,447,346,1838
1411,867,1197,1896
441,1992,1512,930
748,728,851,1690
1901,685,1538,1211
324,1384,547,1770
84,247,517,233
1596,161,1187,366
850,1185,1794,1336
1082,382,587,900
1275,1648,52,440
572,67,1248,1192
1835,1852,91,1249
1568,1613,69,1730
1977,834,695,609
1231,736,766,1386
1921,1832,1,493
234,1229,2,452
351,337,309,1695
993,1415,51,889
16,1635,1171,1021
823,1081,1146,741
1110,898,1850,301
1733,1194,1102,696
992,205,1400,1670
767,535,568,1001
1074,628,358,1523
1392,1025,66,294
1112,956,1729,1085
1874,1221,1604,1277
167,1029,1784,1652
674,764,1915,1964
1067,1163,1654,1397
584,803,1996,779
1907,1053,438,1825
1572,1438,676,398
186,191,623,1819
125,1780,1167,1434
1415,116,1142,284
1489,766,348,1283
686,1501,1932,1578
1694,1664,1603,1589
590,91,890,454
318,67,1118,883
38,944,418,452
775,1904,109,1392
1563,1613,1358,533
644,1593,396,858
1891,1342,623,1672
1533,1763,994,999
46,1794,1653,508
1519,22,1534,184
982,516,1611,394
164,1093,797,1909
1361,1321,1700,541
496,1132,1268,541
26,1389,1183,1916
1231,1989,1910,1538
129,492,363,274
1972,138,1262,834
777,850,311,1135
1795,1294,1132,645
352,1808,843,676
327,1684,1763,537
490,1900,251,802
1659,1781,272,1707
698,554,1065,524
1231,1456,1989,1827
659,1096,686,1403
1153,367,1487,763
702,795,807,1303
1904,498,905,1080
583,468,750,1750
1708,726,816,339
196,1216,1227,167
266,1841,1612,815
276,1318,486,181
1557,769,1483,1706
605,1249,1383,295
1051,1168,322,1283
1055,563,223,23
1105,1019,1716,1619
1817,1034,1212,1957
657,344,340,1723
40,693,108,926
103,1427,1781,1675
904,169,1088,744
316,181,700,700
1081,1951,739,1249
1317,1895,1502,687
366,135,138,1369
826,0,907,813
1078,865,937,9
200,563,1536,1831
1030,56,1680,1357
432,639,1965,73
969,47,1662,1821
1005,1180,1349,864
99,645,1471,816
1398,16,1994,1360
199,1961,1002,552
428,486,1164,1419
1218,636,1646,1206
1412,821,1728,449
1409,172,1474,1047
1114,459,1490,1377
1402,304,149,1953
176,1689,25,556
115,1687,175,23
1268,617,1789,1930
601,907,710,1611
1749,1669,403,907
428,358,1113,1457
981,1736,7,586
1936,1947,1444,94
34,797,1654,536
1905,358,795,254
1914,651,1413,1413
260,1886,1546,1800
588,736,213,580
662,1891,485,460
1553,85,85,74
1278,343,1404,514
487,1351,724,592
1429,1228,863,798
1027,756,1901,1178
1031,1906,51,767
1406,959,491,1846
1849,1570,1741,1222
991,647,1759,190
1487,1809,863,935
583,1472,877,1631
505,1324,1542,1056
1960,990,631,974
556,349,498,1582
586,167,1948,1811
433,1737,1638,54
283,1316,1135,244
1795,550,670,615
1632,379,635,484
116,1252,275,211
1370,1412,1415,1849
1447,222,1411,309
1321,1604,1064,1736
157,1645,162,83
179,1921,243,458
1330,1240,1659,1128
649,602,1535,1182
1054,880,1826,1081
1029,1652,1497,1497
914,1365,43,467
653,1386,1765,1112
516,162,679,51
655,717,1554,1248
232,1129,1988,256
242,1516,305,350
275,834,403,423
1941,518,1370,1032
980,292,412,1591
935,364,1754,1431
695,273,420,631
1549,1621,1584,1596
1812,212,305,915
188,1692,1868,264
1801,1984,188,1812
572,1893,1960,1386
9,1066,801,1491
1094,522,1097,581
712,1525,252,1576
644,1953,697,1577
1367,489,853,130
633,315,1247,1051
755,1928,1127,1757
1973,856,1662,1779
1098,785,569,1582
433,1005,1687,367
1484,456,169,1302
1394,664,1806,765
706,199,1420,1648
69,544,1171,478
778,1035,732,1689
523,1152,654,1778
1016,422,1569,1589
261,1110,1179,922
779,1083,1093,1272
782,755,978,1839
1682,1674,1756,1612
1736,1796,897,138
1685,1090,1496,1687
173,1170,909,1786
353,594,1911,455
1834,1582,1338,1377
194,776,1548,734
692,1014,783,1529
1009,1128,240,1730
1491,1186,1665,1737
139,188,254,1998
1608,1221,1703,324
334,1240,1485,6
626,1525,1005,929
1177,53,327,1867
1319,288,899,1622
1346,247,1501,1325
1721,1602,1345,1925
416,1521,1489,1790
123,1733,1365,1200
1293,129,878,27
360,1956,1188,1462
710,1534,1227,1704
1908,804,1973,1543
1167,1881,1715,1543
1045,214,309,403
1530,902,1961,1815
189,268,726,949
680,1472,955,1518
1205,825,1095,831
1873,619,1334,1682
316,1110,1415,1034
1184,559,1878,1429
1321,1225,1591,1557
167,1091,860,428
1120,1825,1109,472
553,344,529,674
665,1818,1258,1023
1568,616,542,893
1758,505,916,1651
1346,1047,1153,770
78,1084,915,799
277,834,1763,1587
1230,835,1849,1282
1508,1456,581,1188
968,625,244,1682
1794,1070,1793,1261
150,244,119,1971
1837,1463,1296,241
142,1730,738,1246
1593,675,1501,594
1955,539,1492,978
29,1659,821,507
1772,720,1056,68
1978,445,1815,1247
660,780,246,648
1071,40,223,425
1393,1051,182,1745
1420,1109,1823,849
1330,270,996,16
1706,597,1071,1320
1656,1414,1015,1708
524,1969,901,1696
1136,1596,1477,447
1410,1192,747,352
133,1926,1641,1353
529,1076,1393,646
1401,1762,1677,1294
1310,463,1800,1766
1125,1216,1750,769
1079,130,1294,76
426,1480,553,821
174,365,570,1903
1317,435,852,590
1217,1042,178,1249
1790,88,1110,1975
546,685,547,1113
558,1353,248,400
1579,425,1767,939
1223,121,363,820
77,1649,434,935
1852,1123,1458,471
1531,1905,1828,1505
120,121,1398,66
632,1047,550,690
18,394,90,114
675,120,1092,1558
922,665,1560,1280
379,1150,337,1467
1120,710,699,1918
1609,882,725,310
1669,1939,1146,1777
1187,580,1732,1790
869,186,861,1383
377,1937,1866,1697
1151,236,1580,1508
24,744,469,1332
1389,414,1644,504
1631,1486,1548,637
374,984,422,1970
1631,271,800,1297
544,614,350,1670
1467,124,804,947
1295,185,852,507
124,1570,1764,769
1943,8,1409,1350
1723,102,398,1833
1866,1931,1506,1553
1563,879,801,1127
407,685,1456,900
860,422,1522,1238
1514,1372,797,1499
1727,1209,1162,185
1181,7,1726,546
872,881,308,617
1273,118,383,720
1241,1604,1923,199
965,1998,68,376
85,574,769,1629
1314,1628,48,833
1733,1957,557,1299
1386,745,1660,35
151,1997,86,1707
205,920,313,867
259,606,1577,148
602,386,936,1829
1188,63,1751,34
355,501,263,1449
1049,753,1896,545
1373,1912,1352,617
1435,352,1413,921
392,385,1024,788
204,1803,319,773
1683,737,372,155
1514,34,4,484
666,114,1514,996
187,463,1775,1100
1643,1315,1145,71
194,570,235,68
1691,226,903,1290
1255,730,68,1012
679,328,1851,593
146,926,636,1014
1356,1917,1243,874
239,729,275,80
1068,700,1142,1239
687,734,565,1327
855,1573,111,1861
710,1740,799,1186
136,1031,1021,1150
565,117,996,220
859,308,1109,1781
23,1265,571,1954
1893,1648,984,1852
396,116,803,236
1359,117,1393,491
1405,24,716,229
129,272,869,1925
511,936,85,214
226,1960,6,1314
1075,624,103,137
1327,1272,1986,1960
578,1827,1880,955
1922,10,154,170
967,406,475,278
1251,465,1929,1907
347,26,1821,1690
1667,24,1309,842
1712,1508,884,1049
1959,176,1836,983
787,135,1743,576
1698,216,470,1116
1045,46,238,1539
1964,360,468,180
1036,754,1003,33
547,1625,5,721
1306,925,1745,1989
752,1627,177,1686
469,1545,300,288
1829,1607,1118,1342
1128,1409,974,555
1028,1931,1653,1176
825,1165,1574,1111
823,1017,246,542
833,463,955,88
354,69,841,400
135,1559,1775,16
525,369,397,786
465,75,1540,425
1907,513,1910,460
1446,400,193,1429
1962,968,788,1495
1023,252,757,300
1098,921,428,1206
1656,1420,778,1498
1951,1610,1148,239
166,1031,287,770
596,1230,576,1393
454,1593,309,119
1058,1918,1398,197
837,434,1535,1073
823,832,1431,131
130,924,1473,133
966,1000,88,1386
1124,184,521,1238
636,848,821,1512
343,98,274,1333
396,1885,382,871
1203,1339,377,894
965,191,1198,9
747,227,1148,1646
1671,1765,984,1990
744,915,212,477
280,414,1169,1099
464,1535,1917,1213
1435,1803,432,1545
1523,712,737,685
1593,882,492,519
1111,1558,1697,290
881,1802,1604,217
1849,1330,1890,1217
426,1543,1317,1035
1219,511,1663,219
247,790,1506,1230
1354,833,144,617
465,1470,1398,814
592,500,732,636
302,701,1504,382
1805,1231,1723,922
334,1559,857,910
1312,1794,923,1252
1037,1125,554,285
795,324,564,634
1042,542,626,1536
1190,1559,674,102
1978,1237,622,1319
1874,1288,1163,1042
1645,956,1148,1815
1585,75,41,438
981,238,1957,1208
314,1070,685,268
1681,1853,1175,869
348,171,1512,1044
1200,888,97,981
759,248,2000,989
1819,1635,1735,467
504,1596,1466,1542
1646,408,87,1850
817,1790,47,1439
1198,388,1554,1771
730,1220,1690,1223
326,1027,1877,274
685,887,1962,1198
1135,1865,1251,468
511,204,331,1387
63,1717,1285,506
1568,440,1668,1840
686,39,1599,686
1048,1143,566,780
588,1280,919,1647
1160,665,155,459
248,1332,791,877
